0,0.11387,0.0098778,0,0.0005875,0.069664,0.00031856,7.04E-05,0.11034,0.0097699,0,0.00074,0.00074,0.09334
1,0.088895,0.011511,0,0.14403,0.19516,0.077289,0.01573,0.08866,0.017998,0,0.00149,0.00149,0.08659
2,0.073751,0.0097789,0,0.24677,0.35968,0.16983,0.040865,0.07182,0.01011,0,0.0022398,0.0022398,0.07984
3,0.068321,0.0086008,0,0.30334,0.36572,0.20352,0.05377,0.070069,0.011858,0,0.0029893,0.0029893,0.073089
4,0.063247,0.0082609,0,0.41436,0.43775,0.36639,0.11009,0.065701,0.010461,0,0.0037385,0.0037385,0.066339
5,0.061355,0.0076919,0,0.51028,0.48518,0.46246,0.14597,0.059771,0.010591,0,0.0044872,0.0044872,0.059587
6,0.059248,0.0072351,0,0.57731,0.47708,0.48163,0.16752,0.05878,0.011314,0,0.0052353,0.0052353,0.052835
7,0.058441,0.007315,0,0.603,0.49358,0.50617,0.15169,0.060753,0.010346,0,0.0059828,0.0059828,0.046083
8,0.058664,0.007182,0,0.45957,0.4916,0.37149,0.10598,0.060825,0.010756,0,0.0067294,0.0067294,0.039329
9,0.057035,0.0071714,0,0.63447,0.5415,0.56186,0.1984,0.058279,0.0082274,0,0.007475,0.007475,0.032575
10,0.055485,0.0071107,0,0.66179,0.57065,0.61286,0.22561,0.05441,0.0085438,0,0.0082197,0.0082197,0.02582
11,0.056969,0.0068518,0,0.70246,0.60227,0.64067,0.22317,0.055902,0.0091596,0,0.0089632,0.0089632,0.019063
12,0.054292,0.0067201,0,0.68197,0.52372,0.58562,0.20574,0.057013,0.0066869,0,0.0097054,0.0097054,0.012305
13,0.054638,0.0066653,0,0.71512,0.54051,0.5948,0.23094,0.053064,0.0078493,0,0.0099584,0.0099584,0.0099584
14,0.053621,0.0065224,0,0.54814,0.51581,0.48969,0.14606,0.061287,0.0094494,0,0.0099584,0.0099584,0.0099584
15,0.056226,0.0067827,0,0.63261,0.53086,0.57244,0.19511,0.058791,0.0072279,0,0.0099517,0.0099517,0.0099517
16,0.054521,0.0066689,0,0.67707,0.62983,0.64172,0.21984,0.054257,0.0067399,0,0.0099446,0.0099446,0.0099446
17,0.051769,0.0065913,0,0.70002,0.62599,0.67147,0.24955,0.05167,0.0072431,0,0.009937,0.009937,0.009937
18,0.052374,0.0065803,0,0.72094,0.62698,0.66442,0.2367,0.051016,0.007664,0,0.0099289,0.0099289,0.0099289
19,0.051467,0.0064593,0,0.68343,0.53438,0.57648,0.24689,0.051518,0.0086556,0,0.0099203,0.0099203,0.0099203
20,0.05239,0.0063299,0,0.76355,0.63933,0.68496,0.25121,0.051418,0.0068391,0,0.0099112,0.0099112,0.0099112
21,0.051035,0.0065791,0,0.72495,0.61611,0.64295,0.22091,0.052497,0.0067742,0,0.0099017,0.0099017,0.0099017
22,0.050665,0.0064047,0,0.44724,0.292,0.31075,0.12232,0.060703,0.0085505,0,0.0098916,0.0098916,0.0098916
23,0.050405,0.0064322,0,0.63965,0.55978,0.56662,0.19734,0.05335,0.0081384,0,0.0098811,0.0098811,0.0098811
24,0.052946,0.006521,0,0.7261,0.53964,0.62052,0.22551,0.053253,0.0068688,0,0.0098701,0.0098701,0.0098701
25,0.050498,0.006336,0,0.66619,0.60623,0.62617,0.25494,0.049538,0.007169,0,0.0098586,0.0098586,0.0098586
26,0.04962,0.0062649,0,0.77485,0.68775,0.74373,0.27374,0.049398,0.0060204,0,0.0098467,0.0098467,0.0098467
27,0.049694,0.0062042,0,0.76273,0.64032,0.69376,0.23868,0.054458,0.0063646,0,0.0098342,0.0098342,0.0098342
28,0.048853,0.0061859,0,0.60838,0.48518,0.50401,0.20176,0.053354,0.01062,0,0.0098213,0.0098213,0.0098213
29,0.048898,0.0061983,0,0.62898,0.4858,0.48512,0.17129,0.062818,0.0082164,0,0.0098079,0.0098079,0.0098079
30,0.049455,0.0061098,0,0.70342,0.61639,0.66207,0.2402,0.051716,0.0069323,0,0.0097941,0.0097941,0.0097941
31,0.049607,0.0064577,0,0.77257,0.70156,0.73658,0.29276,0.048646,0.0061338,0,0.0097798,0.0097798,0.0097798
32,0.0486,0.0060055,0,0.78845,0.63527,0.70268,0.25746,0.0513,0.0063522,0,0.009765,0.009765,0.009765
33,0.048252,0.0061994,0,0.68517,0.63488,0.63786,0.22349,0.052567,0.0073943,0,0.0097497,0.0097497,0.0097497
34,0.04862,0.0060082,0,0.79752,0.70702,0.75997,0.3008,0.047507,0.0059383,0,0.009734,0.009734,0.009734
35,0.048177,0.0060302,0,0.73201,0.6082,0.64163,0.23671,0.05136,0.007976,0,0.0097178,0.0097178,0.0097178
36,0.048884,0.0059571,0,0.80049,0.66996,0.72669,0.27726,0.04946,0.0061221,0,0.0097011,0.0097011,0.0097011
37,0.047935,0.0061073,0,0.75583,0.70059,0.73061,0.27667,0.048645,0.0061486,0,0.009684,0.009684,0.009684
38,0.048072,0.0058327,0,0.76548,0.65514,0.71843,0.29873,0.048657,0.0064187,0,0.0096664,0.0096664,0.0096664
39,0.047497,0.0060284,0,0.76814,0.64377,0.69289,0.26909,0.051565,0.0066707,0,0.0096484,0.0096484,0.0096484
40,0.047254,0.0059841,0,0.79113,0.63043,0.71028,0.29957,0.047323,0.0061086,0,0.0096299,0.0096299,0.0096299
41,0.046561,0.0059653,0,0.78035,0.70998,0.74227,0.29334,0.047151,0.0061573,0,0.009611,0.009611,0.009611
42,0.046885,0.0059635,0,0.75729,0.63975,0.69281,0.26274,0.049521,0.0064593,0,0.0095916,0.0095916,0.0095916
43,0.048885,0.0057524,0,0.73386,0.61018,0.68109,0.26318,0.051972,0.0075649,0,0.0095717,0.0095717,0.0095717
44,0.048564,0.0060915,0,0.78033,0.63933,0.6981,0.25821,0.050695,0.0064179,0,0.0095514,0.0095514,0.0095514
45,0.048269,0.0059637,0,0.79173,0.64984,0.71177,0.27341,0.050672,0.0064553,0,0.0095307,0.0095307,0.0095307
46,0.047758,0.0059361,0,0.77374,0.67076,0.72252,0.27472,0.04983,0.006094,0,0.0095095,0.0095095,0.0095095
47,0.047625,0.0060603,0,0.84875,0.65168,0.73658,0.27583,0.049284,0.0065577,0,0.0094879,0.0094879,0.0094879
48,0.048362,0.0061349,0,0.7277,0.64229,0.68022,0.2521,0.051831,0.0064248,0,0.0094659,0.0094659,0.0094659
49,0.046745,0.0058943,0,0.79124,0.66477,0.73039,0.2869,0.047822,0.00651,0,0.0094434,0.0094434,0.0094434
50,0.046414,0.0057379,0,0.76794,0.62401,0.69803,0.2916,0.049223,0.0064948,0,0.0094205,0.0094205,0.0094205
51,0.047098,0.0061009,0,0.80785,0.68231,0.73939,0.2913,0.048591,0.0064194,0,0.0093971,0.0093971,0.0093971
52,0.047224,0.005749,0,0.8068,0.63291,0.71649,0.2697,0.050474,0.0063495,0,0.0093733,0.0093733,0.0093733
53,0.046321,0.0058813,0,0.80121,0.71886,0.76754,0.30956,0.047182,0.0057602,0,0.0093491,0.0093491,0.0093491
54,0.045628,0.0059182,0,0.75891,0.68379,0.73189,0.31082,0.04716,0.0063099,0,0.0093245,0.0093245,0.0093245
55,0.046106,0.0059102,0,0.76651,0.65367,0.72062,0.30916,0.046477,0.0066899,0,0.0092995,0.0092995,0.0092995
56,0.047176,0.006146,0,0.75468,0.63982,0.68316,0.26644,0.050981,0.0064641,0,0.009274,0.009274,0.009274
57,0.045769,0.0057589,0,0.79449,0.64279,0.72145,0.29766,0.047798,0.006436,0,0.0092481,0.0092481,0.0092481
58,0.046369,0.0058724,0,0.79422,0.67935,0.741,0.3013,0.048479,0.0059976,0,0.0092219,0.0092219,0.0092219
59,0.046567,0.0057685,0,0.70112,0.63587,0.70421,0.2827,0.047177,0.0063922,0,0.0091952,0.0091952,0.0091952
60,0.046695,0.0057386,0,0.75759,0.68556,0.73244,0.30229,0.048829,0.0062736,0,0.0091681,0.0091681,0.0091681
61,0.046133,0.0058939,0,0.7959,0.6782,0.74514,0.31382,0.046698,0.0061166,0,0.0091406,0.0091406,0.0091406
62,0.045472,0.0057005,0,0.76849,0.6502,0.714,0.28979,0.048894,0.0062306,0,0.0091127,0.0091127,0.0091127
63,0.045967,0.0058608,0,0.77679,0.68874,0.73658,0.28485,0.048212,0.0070352,0,0.0090844,0.0090844,0.0090844
64,0.046399,0.0058619,0,0.70977,0.7001,0.71322,0.26614,0.050072,0.0067606,0,0.0090557,0.0090557,0.0090557
65,0.046117,0.0056146,0,0.65404,0.45504,0.50771,0.21428,0.050588,0.0088011,0,0.0090266,0.0090266,0.0090266
66,0.045907,0.0057338,0,0.79693,0.68832,0.75533,0.2991,0.047243,0.0058288,0,0.0089972,0.0089972,0.0089972
67,0.045263,0.0057792,0,0.76057,0.68528,0.73651,0.31236,0.046734,0.0062231,0,0.0089673,0.0089673,0.0089673
68,0.045673,0.0057939,0,0.78744,0.6996,0.74388,0.29536,0.048781,0.0058528,0,0.0089371,0.0089371,0.0089371
69,0.045812,0.0057815,0,0.74008,0.59929,0.65925,0.26524,0.049961,0.0071423,0,0.0089065,0.0089065,0.0089065
70,0.045398,0.0057919,0,0.82062,0.66677,0.74654,0.30334,0.048172,0.0058912,0,0.0088755,0.0088755,0.0088755
71,0.046678,0.0058418,0,0.80657,0.6778,0.75294,0.29463,0.048797,0.0059094,0,0.0088442,0.0088442,0.0088442
72,0.046734,0.0057131,0,0.80772,0.65584,0.7303,0.30826,0.047005,0.0059482,0,0.0088124,0.0088124,0.0088124
73,0.045271,0.0056876,0,0.77423,0.72727,0.77588,0.3223,0.046564,0.0057611,0,0.0087804,0.0087804,0.0087804
74,0.044619,0.0056289,0,0.77704,0.66749,0.71848,0.27456,0.049889,0.006204,0,0.0087479,0.0087479,0.0087479
75,0.04573,0.0056797,0,0.77897,0.67384,0.73047,0.30488,0.048463,0.0060357,0,0.0087151,0.0087151,0.0087151
76,0.045044,0.0056224,0,0.7923,0.69862,0.76595,0.31805,0.046339,0.005753,0,0.008682,0.008682,0.008682
77,0.047422,0.0055861,0,0.79952,0.67441,0.73716,0.3075,0.046523,0.0065267,0,0.0086485,0.0086485,0.0086485
78,0.045475,0.0055685,0,0.76749,0.65889,0.71519,0.26849,0.050561,0.006477,0,0.0086146,0.0086146,0.0086146
79,0.045316,0.0058454,0,0.76862,0.71146,0.75133,0.30164,0.046719,0.0060071,0,0.0085805,0.0085805,0.0085805
80,0.04548,0.0058545,0,0.73933,0.63636,0.68397,0.27711,0.0488,0.006583,0,0.0085459,0.0085459,0.0085459
81,0.045007,0.0057655,0,0.79881,0.69121,0.75104,0.30248,0.049266,0.0058076,0,0.0085111,0.0085111,0.0085111
82,0.043917,0.0054631,0,0.78208,0.73942,0.77121,0.30713,0.045922,0.0057659,0,0.0084759,0.0084759,0.0084759
83,0.044629,0.0056254,0,0.72981,0.65125,0.69091,0.28547,0.04844,0.0077874,0,0.0084404,0.0084404,0.0084404
84,0.04546,0.0057712,0,0.77477,0.68281,0.73607,0.29443,0.049556,0.0060245,0,0.0084046,0.0084046,0.0084046
85,0.045017,0.005784,0,0.7945,0.66403,0.74808,0.32119,0.045744,0.0067891,0,0.0083684,0.0083684,0.0083684
86,0.043727,0.0055464,0,0.78784,0.67883,0.73624,0.29026,0.049737,0.005609,0,0.0083319,0.0083319,0.0083319
87,0.044803,0.0054469,0,0.70151,0.5914,0.62716,0.25924,0.051393,0.0070535,0,0.0082952,0.0082952,0.0082952
88,0.044536,0.0055017,0,0.80481,0.7337,0.78198,0.32443,0.045074,0.0057614,0,0.0082581,0.0082581,0.0082581
89,0.045106,0.005556,0,0.78163,0.66848,0.7164,0.28315,0.049726,0.006166,0,0.0082207,0.0082207,0.0082207
90,0.043987,0.0054921,0,0.68157,0.62154,0.64544,0.26898,0.04625,0.0083762,0,0.008183,0.008183,0.008183
91,0.04413,0.0056562,0,0.73607,0.68757,0.72042,0.29687,0.047083,0.0062911,0,0.008145,0.008145,0.008145
92,0.044086,0.0054854,0,0.81874,0.70158,0.76665,0.31764,0.045661,0.0056504,0,0.0081068,0.0081068,0.0081068
93,0.043912,0.0055998,0,0.79848,0.71739,0.7823,0.33378,0.045677,0.005517,0,0.0080682,0.0080682,0.0080682
94,0.044173,0.0054945,0,0.80095,0.71986,0.76962,0.3062,0.047416,0.0055997,0,0.0080294,0.0080294,0.0080294
95,0.044589,0.0054665,0,0.79124,0.69269,0.75466,0.31846,0.045334,0.0063307,0,0.0079903,0.0079903,0.0079903
96,0.045476,0.0054679,0,0.82437,0.70109,0.77708,0.32032,0.047299,0.0059225,0,0.0079509,0.0079509,0.0079509
97,0.044542,0.0056538,0,0.79423,0.71294,0.75759,0.29028,0.048453,0.0059711,0,0.0079112,0.0079112,0.0079112
98,0.044698,0.0055353,0,0.76975,0.67095,0.72071,0.28984,0.047339,0.006158,0,0.0078713,0.0078713,0.0078713
99,0.045572,0.0057617,0,0.72768,0.65514,0.68528,0.25461,0.050889,0.006013,0,0.0078311,0.0078311,0.0078311
100,0.044376,0.0053795,0,0.81263,0.7001,0.77157,0.32403,0.045611,0.0057162,0,0.0077907,0.0077907,0.0077907
101,0.043798,0.0053078,0,0.82181,0.70637,0.7674,0.31169,0.047113,0.0056513,0,0.00775,0.00775,0.00775
102,0.043327,0.0053649,0,0.80926,0.72738,0.78615,0.33293,0.045418,0.0057539,0,0.0077091,0.0077091,0.0077091
103,0.043571,0.0056018,0,0.80345,0.70949,0.77239,0.32247,0.045983,0.0056463,0,0.0076679,0.0076679,0.0076679
104,0.044287,0.0055402,0,0.79298,0.72672,0.78654,0.32527,0.045708,0.0055033,0,0.0076265,0.0076265,0.0076265
105,0.04386,0.0053829,0,0.79702,0.71146,0.76911,0.32549,0.045567,0.0060221,0,0.0075848,0.0075848,0.0075848
106,0.043677,0.0053745,0,0.79055,0.71796,0.77018,0.32026,0.045334,0.0057575,0,0.007543,0.007543,0.007543
107,0.043641,0.0055763,0,0.81235,0.68229,0.75499,0.31065,0.045929,0.0056964,0,0.0075009,0.0075009,0.0075009
108,0.043834,0.0055501,0,0.79291,0.71128,0.76509,0.31615,0.047356,0.0056825,0,0.0074585,0.0074585,0.0074585
109,0.045067,0.0054721,0,0.80448,0.75148,0.79976,0.35143,0.04403,0.0055786,0,0.007416,0.007416,0.007416
110,0.044186,0.0054667,0,0.78281,0.72875,0.76858,0.30801,0.047196,0.0056458,0,0.0073733,0.0073733,0.0073733
111,0.043564,0.0055745,0,0.78812,0.68916,0.76146,0.32002,0.04547,0.0064158,0,0.0073303,0.0073303,0.0073303
112,0.044287,0.0054428,0,0.70175,0.64526,0.69647,0.3084,0.044876,0.0066153,0,0.0072872,0.0072872,0.0072872
113,0.043254,0.0054501,0,0.76086,0.64765,0.71824,0.30238,0.046019,0.0059996,0,0.0072438,0.0072438,0.0072438
114,0.043577,0.0053487,0,0.79239,0.68775,0.74261,0.28795,0.045892,0.0061146,0,0.0072003,0.0072003,0.0072003
115,0.043802,0.0055349,0,0.8019,0.65711,0.7398,0.31085,0.046618,0.0058526,0,0.0071566,0.0071566,0.0071566
116,0.04433,0.005523,0,0.75445,0.68311,0.71849,0.28422,0.047836,0.0060314,0,0.0071127,0.0071127,0.0071127
117,0.044233,0.0056167,0,0.7968,0.6497,0.70157,0.27094,0.049505,0.0062828,0,0.0070686,0.0070686,0.0070686
118,0.043262,0.0054954,0,0.7966,0.63587,0.70814,0.31628,0.046282,0.0076885,0,0.0070243,0.0070243,0.0070243
119,0.043729,0.0053589,0,0.82062,0.63291,0.71818,0.28751,0.050148,0.0064226,0,0.0069799,0.0069799,0.0069799
120,0.043717,0.0053293,0,0.77588,0.71836,0.7591,0.32446,0.045295,0.0059802,0,0.0069353,0.0069353,0.0069353
121,0.04304,0.0054754,0,0.80276,0.65958,0.72543,0.30025,0.048132,0.0061654,0,0.0068906,0.0068906,0.0068906
122,0.04385,0.0055857,0,0.79978,0.7169,0.77215,0.31451,0.046393,0.0056464,0,0.0068457,0.0068457,0.0068457
123,0.044059,0.0054425,0,0.77061,0.70998,0.7414,0.30262,0.04658,0.0058939,0,0.0068006,0.0068006,0.0068006
124,0.043048,0.0054116,0,0.82845,0.7134,0.78635,0.33457,0.044961,0.0055593,0,0.0067555,0.0067555,0.0067555
125,0.043131,0.0053763,0,0.77702,0.74033,0.78247,0.32842,0.045453,0.005587,0,0.0067101,0.0067101,0.0067101
126,0.042534,0.0052825,0,0.78467,0.73996,0.77966,0.31632,0.045927,0.005747,0,0.0066647,0.0066647,0.0066647
127,0.042507,0.0052367,0,0.80159,0.72233,0.77108,0.30979,0.045086,0.0058222,0,0.0066191,0.0066191,0.0066191
128,0.042037,0.0053835,0,0.82054,0.73418,0.79087,0.3268,0.045889,0.0054535,0,0.0065734,0.0065734,0.0065734
129,0.044445,0.0055306,0,0.77723,0.708,0.7673,0.33641,0.043961,0.0065862,0,0.0065276,0.0065276,0.0065276
130,0.04397,0.005555,0,0.77474,0.72925,0.76946,0.31666,0.047031,0.005603,0,0.0064816,0.0064816,0.0064816
131,0.044653,0.005611,0,0.80934,0.70751,0.77972,0.34667,0.044602,0.0056462,0,0.0064356,0.0064356,0.0064356
132,0.043888,0.0055915,0,0.76639,0.73911,0.76833,0.30909,0.047989,0.0056743,0,0.0063895,0.0063895,0.0063895
133,0.042922,0.0054235,0,0.80688,0.7169,0.78113,0.3367,0.045233,0.0056794,0,0.0063432,0.0063432,0.0063432
134,0.043373,0.0054469,0,0.76045,0.67045,0.74058,0.3135,0.045599,0.0066065,0,0.0062969,0.0062969,0.0062969
135,0.042714,0.0055932,0,0.7873,0.69664,0.75777,0.32856,0.044983,0.0064859,0,0.0062505,0.0062505,0.0062505
136,0.042392,0.0053887,0,0.81722,0.73468,0.80105,0.34491,0.044863,0.0054201,0,0.006204,0.006204,0.006204
137,0.042425,0.0055429,0,0.83163,0.73814,0.80568,0.34206,0.044393,0.0054748,0,0.0061574,0.0061574,0.0061574
138,0.042631,0.0053478,0,0.8207,0.71937,0.77515,0.3216,0.045025,0.0058295,0,0.0061107,0.0061107,0.0061107
139,0.042379,0.0054933,0,0.79784,0.73419,0.78856,0.33695,0.044197,0.0055485,0,0.006064,0.006064,0.006064
140,0.042248,0.0052958,0,0.76288,0.73073,0.75287,0.29862,0.046884,0.005662,0,0.0060172,0.0060172,0.0060172
141,0.043492,0.0054384,0,0.77818,0.75223,0.785,0.33199,0.045948,0.0054309,0,0.0059704,0.0059704,0.0059704
142,0.042362,0.0051565,0,0.82544,0.70405,0.76758,0.32349,0.045757,0.005708,0,0.0059235,0.0059235,0.0059235
143,0.042104,0.0052995,0,0.82682,0.7053,0.77307,0.33602,0.045208,0.0055636,0,0.0058766,0.0058766,0.0058766
144,0.042757,0.0052805,0,0.77656,0.69615,0.75234,0.32031,0.045403,0.0061441,0,0.0058296,0.0058296,0.0058296
145,0.041773,0.0051874,0,0.81227,0.71188,0.77228,0.3156,0.044845,0.0056879,0,0.0057826,0.0057826,0.0057826
146,0.042553,0.0054016,0,0.79097,0.70306,0.75843,0.31256,0.046198,0.0059443,0,0.0057355,0.0057355,0.0057355
147,0.041677,0.0053989,0,0.81195,0.72316,0.78309,0.34218,0.044331,0.0053983,0,0.0056884,0.0056884,0.0056884
148,0.04186,0.0052125,0,0.80091,0.76334,0.79967,0.34315,0.043387,0.0053267,0,0.0056413,0.0056413,0.0056413
149,0.043066,0.0052908,0,0.77995,0.74951,0.78173,0.32543,0.046372,0.0054419,0,0.0055942,0.0055942,0.0055942
150,0.043343,0.0053865,0,0.78266,0.72036,0.76487,0.31999,0.044998,0.0056234,0,0.0055471,0.0055471,0.0055471
151,0.043283,0.0054568,0,0.83043,0.74901,0.81007,0.34809,0.043869,0.0053681,0,0.0055,0.0055,0.0055
152,0.042647,0.0052316,0,0.79329,0.73947,0.78206,0.33715,0.044515,0.0056011,0,0.0054529,0.0054529,0.0054529
153,0.041316,0.0052326,0,0.84688,0.73505,0.79969,0.34245,0.044138,0.0054932,0,0.0054058,0.0054058,0.0054058
154,0.040815,0.0051253,0,0.81682,0.72924,0.78219,0.34142,0.043986,0.005375,0,0.0053587,0.0053587,0.0053587
155,0.042265,0.0052971,0,0.82474,0.7584,0.8088,0.35176,0.044522,0.0052422,0,0.0053116,0.0053116,0.0053116
156,0.042098,0.0053062,0,0.81105,0.72332,0.77909,0.32794,0.045222,0.0056794,0,0.0052645,0.0052645,0.0052645
157,0.042431,0.0052914,0,0.79698,0.74259,0.78669,0.33723,0.045407,0.0053615,0,0.0052174,0.0052174,0.0052174
158,0.042425,0.0053251,0,0.80847,0.69911,0.75897,0.30284,0.046106,0.0055426,0,0.0051704,0.0051704,0.0051704
159,0.041729,0.0053021,0,0.82307,0.71481,0.77472,0.34414,0.044713,0.0055317,0,0.0051234,0.0051234,0.0051234
160,0.041729,0.0052595,0,0.83025,0.73221,0.79355,0.33437,0.0461,0.0054204,0,0.0050765,0.0050765,0.0050765
161,0.041821,0.0052335,0,0.75775,0.70553,0.74489,0.30876,0.046506,0.0067544,0,0.0050296,0.0050296,0.0050296
162,0.041859,0.005537,0,0.80336,0.75088,0.78568,0.34246,0.045708,0.0054192,0,0.0049828,0.0049828,0.0049828
163,0.042232,0.0053421,0,0.79003,0.7085,0.75646,0.3271,0.045157,0.0062498,0,0.004936,0.004936,0.004936
164,0.041508,0.0052402,0,0.83398,0.72226,0.78567,0.33199,0.046476,0.005411,0,0.0048893,0.0048893,0.0048893
165,0.042034,0.0052044,0,0.77602,0.69022,0.74359,0.31743,0.045491,0.0057508,0,0.0048426,0.0048426,0.0048426
166,0.042237,0.0053579,0,0.83323,0.75741,0.8156,0.35784,0.04349,0.0053924,0,0.004796,0.004796,0.004796
167,0.041298,0.0052415,0,0.81457,0.72283,0.78366,0.33123,0.045296,0.0055898,0,0.0047495,0.0047495,0.0047495
168,0.041476,0.0050594,0,0.78779,0.73548,0.78841,0.34311,0.044667,0.0060771,0,0.0047031,0.0047031,0.0047031
169,0.040814,0.0049975,0,0.81896,0.69812,0.75935,0.33882,0.044457,0.0058181,0,0.0046568,0.0046568,0.0046568
170,0.041563,0.005297,0,0.80465,0.71025,0.76389,0.3105,0.045972,0.0055533,0,0.0046105,0.0046105,0.0046105
171,0.042345,0.0054148,0,0.81926,0.73907,0.79367,0.32507,0.045959,0.0054653,0,0.0045644,0.0045644,0.0045644
172,0.042158,0.0052251,0,0.78976,0.74457,0.77374,0.32143,0.045338,0.0055261,0,0.0045184,0.0045184,0.0045184
173,0.041252,0.0050612,0,0.77785,0.76136,0.78281,0.34958,0.043133,0.0055469,0,0.0044724,0.0044724,0.0044724
174,0.040343,0.0049894,0,0.80487,0.75543,0.7912,0.34345,0.043502,0.0054016,0,0.0044266,0.0044266,0.0044266
175,0.04056,0.00515,0,0.82454,0.6803,0.75766,0.29686,0.047177,0.0058327,0,0.0043809,0.0043809,0.0043809
176,0.040854,0.0050667,0,0.81407,0.75931,0.80526,0.33425,0.04459,0.0053088,0,0.0043353,0.0043353,0.0043353
177,0.040184,0.0051929,0,0.81256,0.75889,0.79888,0.35297,0.043555,0.0053268,0,0.0042899,0.0042899,0.0042899
178,0.039948,0.0050255,0,0.80889,0.75445,0.79149,0.32884,0.045169,0.0054281,0,0.0042445,0.0042445,0.0042445
179,0.041288,0.0051628,0,0.78978,0.75198,0.79496,0.34916,0.044244,0.0055295,0,0.0041994,0.0041994,0.0041994
180,0.041313,0.0051981,0,0.80085,0.73123,0.78267,0.3463,0.044018,0.0055115,0,0.0041543,0.0041543,0.0041543
181,0.04032,0.005115,0,0.83838,0.72628,0.78848,0.34285,0.045094,0.0054012,0,0.0041094,0.0041094,0.0041094
182,0.04035,0.0052391,0,0.81166,0.7218,0.79181,0.34697,0.044121,0.0054857,0,0.0040647,0.0040647,0.0040647
183,0.041088,0.0051581,0,0.82576,0.74695,0.79687,0.34538,0.044255,0.0052932,0,0.0040201,0.0040201,0.0040201
184,0.040953,0.0050163,0,0.8131,0.75988,0.80416,0.34951,0.043527,0.0054748,0,0.0039757,0.0039757,0.0039757
185,0.040443,0.0051483,0,0.80873,0.77504,0.81384,0.35026,0.044553,0.0051912,0,0.0039314,0.0039314,0.0039314
186,0.041501,0.005278,0,0.79787,0.75475,0.79651,0.3446,0.044593,0.0055174,0,0.0038873,0.0038873,0.0038873
187,0.039827,0.0051412,0,0.7896,0.76285,0.7976,0.33435,0.043667,0.0059609,0,0.0038434,0.0038434,0.0038434
188,0.040084,0.0049216,0,0.84199,0.74012,0.80809,0.3568,0.043394,0.0052456,0,0.0037997,0.0037997,0.0037997
189,0.039894,0.0050969,0,0.82714,0.76038,0.81122,0.35441,0.043056,0.0052008,0,0.0037562,0.0037562,0.0037562
190,0.040144,0.0051526,0,0.82082,0.7514,0.81157,0.35012,0.043791,0.0051914,0,0.0037128,0.0037128,0.0037128
191,0.040041,0.0050691,0,0.81382,0.72628,0.78626,0.33404,0.044045,0.0054793,0,0.0036697,0.0036697,0.0036697
192,0.040716,0.0051561,0,0.78275,0.78557,0.81538,0.35652,0.042848,0.0053107,0,0.0036267,0.0036267,0.0036267
193,0.040605,0.0051629,0,0.82982,0.74444,0.80102,0.35798,0.043893,0.0052152,0,0.003584,0.003584,0.003584
194,0.040869,0.0049894,0,0.80693,0.74337,0.79231,0.33716,0.044394,0.005346,0,0.0035415,0.0035415,0.0035415
195,0.040268,0.0049496,0,0.8001,0.76133,0.7998,0.34444,0.044185,0.0053705,0,0.0034991,0.0034991,0.0034991
196,0.040069,0.0050961,0,0.80551,0.78014,0.81297,0.36347,0.042971,0.0052632,0,0.003457,0.003457,0.003457
197,0.039739,0.0050327,0,0.82145,0.75691,0.80483,0.34912,0.043858,0.0053467,0,0.0034152,0.0034152,0.0034152
198,0.040069,0.0049625,0,0.8023,0.76994,0.80723,0.34372,0.044554,0.0052502,0,0.0033735,0.0033735,0.0033735
199,0.039981,0.0049588,0,0.81036,0.75395,0.81037,0.36341,0.043017,0.0056575,0,0.0033321,0.0033321,0.0033321
200,0.040185,0.0049234,0,0.81423,0.7601,0.81116,0.35501,0.043581,0.0052486,0,0.0032909,0.0032909,0.0032909
201,0.040239,0.0050568,0,0.83903,0.74209,0.81073,0.34605,0.043853,0.0052495,0,0.00325,0.00325,0.00325
202,0.040177,0.0050232,0,0.82471,0.77717,0.81774,0.35667,0.042839,0.0050526,0,0.0032093,0.0032093,0.0032093
203,0.039939,0.0050132,0,0.83509,0.73055,0.79369,0.34101,0.044674,0.0052491,0,0.0031689,0.0031689,0.0031689
204,0.038734,0.0049906,0,0.81559,0.74308,0.79465,0.35214,0.043735,0.0056079,0,0.0031287,0.0031287,0.0031287
205,0.039722,0.0051224,0,0.82874,0.77026,0.82021,0.36977,0.042481,0.0052254,0,0.0030888,0.0030888,0.0030888
206,0.040034,0.0050239,0,0.83974,0.76285,0.82031,0.36009,0.04297,0.0052699,0,0.0030491,0.0030491,0.0030491
207,0.039329,0.0049774,0,0.79484,0.78656,0.81273,0.35844,0.042817,0.0053297,0,0.0030097,0.0030097,0.0030097
208,0.039185,0.0050851,0,0.83428,0.77354,0.82117,0.3559,0.043777,0.0051108,0,0.0029706,0.0029706,0.0029706
209,0.039109,0.0050747,0,0.83877,0.76079,0.81943,0.35981,0.043574,0.0051268,0,0.0029318,0.0029318,0.0029318
210,0.039238,0.0049373,0,0.82477,0.77619,0.82588,0.36572,0.04327,0.0050979,0,0.0028932,0.0028932,0.0028932
211,0.039084,0.0048711,0,0.83354,0.74259,0.80858,0.36613,0.042484,0.0052446,0,0.002855,0.002855,0.002855
212,0.039699,0.0049043,0,0.80885,0.77564,0.81311,0.35465,0.043566,0.005327,0,0.002817,0.002817,0.002817
213,0.03918,0.0049424,0,0.83631,0.7674,0.82505,0.36428,0.04306,0.0052249,0,0.0027793,0.0027793,0.0027793
214,0.039423,0.0050009,0,0.83262,0.77172,0.82347,0.36083,0.043277,0.0050726,0,0.0027419,0.0027419,0.0027419
215,0.039161,0.0050792,0,0.83847,0.74407,0.80108,0.33777,0.044559,0.0052674,0,0.0027048,0.0027048,0.0027048
216,0.039051,0.0050294,0,0.80814,0.78261,0.81959,0.36487,0.043121,0.0052353,0,0.0026681,0.0026681,0.0026681
217,0.038343,0.0048564,0,0.85316,0.7435,0.81246,0.35531,0.043428,0.0051135,0,0.0026316,0.0026316,0.0026316
218,0.038803,0.0048565,0,0.82058,0.76599,0.81362,0.37181,0.042088,0.005361,0,0.0025954,0.0025954,0.0025954
219,0.039064,0.0049728,0,0.83025,0.75637,0.80654,0.35295,0.043511,0.0052656,0,0.0025596,0.0025596,0.0025596
220,0.03832,0.0048425,0,0.83972,0.74288,0.79817,0.34015,0.045103,0.0052584,0,0.0025241,0.0025241,0.0025241
221,0.038282,0.0048634,0,0.8314,0.79101,0.82582,0.37057,0.042785,0.0049925,0,0.0024889,0.0024889,0.0024889
222,0.039293,0.0048121,0,0.82514,0.78607,0.82699,0.36589,0.042574,0.0051885,0,0.0024541,0.0024541,0.0024541
223,0.038367,0.0047168,0,0.83312,0.79051,0.83586,0.37454,0.042266,0.0050892,0,0.0024195,0.0024195,0.0024195
224,0.038312,0.0048903,0,0.83552,0.78063,0.83077,0.37698,0.042242,0.0050866,0,0.0023854,0.0023854,0.0023854
225,0.038731,0.0047952,0,0.83785,0.77864,0.82527,0.36361,0.042894,0.005119,0,0.0023515,0.0023515,0.0023515
226,0.038277,0.0049117,0,0.83578,0.75,0.80822,0.34058,0.043249,0.0054366,0,0.002318,0.002318,0.002318
227,0.03839,0.0048252,0,0.82556,0.7836,0.82602,0.35973,0.043258,0.0052427,0,0.0022849,0.0022849,0.0022849
228,0.037864,0.0047536,0,0.81169,0.78656,0.82679,0.36591,0.042773,0.0050623,0,0.0022521,0.0022521,0.0022521
229,0.037791,0.0047082,0,0.81211,0.78161,0.8206,0.37118,0.042764,0.0051309,0,0.0022196,0.0022196,0.0022196
230,0.037462,0.0048763,0,0.86731,0.74555,0.83294,0.3652,0.043421,0.0050657,0,0.0021876,0.0021876,0.0021876
231,0.03933,0.0048097,0,0.80154,0.78903,0.81295,0.34678,0.044275,0.0051509,0,0.0021558,0.0021558,0.0021558
232,0.03883,0.0048478,0,0.83321,0.75692,0.81884,0.36095,0.043217,0.0051122,0,0.0021245,0.0021245,0.0021245
233,0.038039,0.0048582,0,0.83562,0.77359,0.83088,0.35926,0.042993,0.0050858,0,0.0020935,0.0020935,0.0020935
234,0.037583,0.0048101,0,0.83321,0.76779,0.82086,0.36197,0.042873,0.0051213,0,0.0020629,0.0020629,0.0020629
235,0.037337,0.0047358,0,0.84664,0.76581,0.82246,0.36839,0.042013,0.0050711,0,0.0020327,0.0020327,0.0020327
236,0.037402,0.0047722,0,0.84191,0.77668,0.83046,0.37032,0.042065,0.0050427,0,0.0020028,0.0020028,0.0020028
237,0.037915,0.0046913,0,0.84378,0.77123,0.83163,0.3704,0.042282,0.0050909,0,0.0019734,0.0019734,0.0019734
238,0.037583,0.0048971,0,0.82242,0.7752,0.82741,0.36346,0.04294,0.005209,0,0.0019443,0.0019443,0.0019443
239,0.038367,0.0048407,0,0.85346,0.75965,0.82653,0.36372,0.043157,0.0050883,0,0.0019156,0.0019156,0.0019156
240,0.037801,0.0045618,0,0.84319,0.79433,0.83992,0.3799,0.041702,0.0050143,0,0.0018873,0.0018873,0.0018873
241,0.038572,0.0049811,0,0.82473,0.77884,0.83094,0.35975,0.043242,0.0050371,0,0.0018594,0.0018594,0.0018594
242,0.037439,0.0048318,0,0.83308,0.77223,0.82802,0.36557,0.042622,0.0052719,0,0.0018319,0.0018319,0.0018319
243,0.037479,0.0047431,0,0.83485,0.76428,0.82085,0.36584,0.042767,0.0050712,0,0.0018048,0.0018048,0.0018048
244,0.037277,0.0047262,0,0.83093,0.77816,0.82547,0.36065,0.043526,0.0050504,0,0.0017781,0.0017781,0.0017781
245,0.036989,0.0046672,0,0.83687,0.76087,0.82732,0.36251,0.042749,0.0051834,0,0.0017519,0.0017519,0.0017519
246,0.037685,0.0047417,0,0.85201,0.76877,0.83797,0.38706,0.041626,0.0049343,0,0.001726,0.001726,0.001726
247,0.036976,0.0048248,0,0.84265,0.7673,0.82991,0.37292,0.042803,0.0050035,0,0.0017005,0.0017005,0.0017005
248,0.036959,0.0048426,0,0.83642,0.79447,0.83517,0.37376,0.042149,0.00498,0,0.0016755,0.0016755,0.0016755
249,0.037348,0.004671,0,0.85063,0.785,0.83959,0.38105,0.041877,0.0049666,0,0.0016509,0.0016509,0.0016509
250,0.036386,0.0047418,0,0.84141,0.76281,0.82804,0.36372,0.04276,0.005219,0,0.0016267,0.0016267,0.0016267
251,0.037568,0.0046353,0,0.84687,0.74593,0.8196,0.36194,0.042824,0.0052176,0,0.0016029,0.0016029,0.0016029
252,0.03786,0.0049053,0,0.84301,0.77372,0.82818,0.37377,0.04262,0.0050223,0,0.0015795,0.0015795,0.0015795
253,0.037253,0.0047484,0,0.84063,0.77223,0.82654,0.37003,0.042815,0.0050752,0,0.0015566,0.0015566,0.0015566
254,0.036747,0.0046258,0,0.84531,0.76675,0.82603,0.37145,0.042386,0.0050858,0,0.0015341,0.0015341,0.0015341
255,0.036562,0.0045506,0,0.82739,0.7626,0.81289,0.35856,0.043433,0.0050762,0,0.0015121,0.0015121,0.0015121
256,0.036532,0.0047505,0,0.84266,0.76877,0.82837,0.37258,0.042728,0.0050646,0,0.0014905,0.0014905,0.0014905
257,0.036238,0.0048301,0,0.83129,0.76976,0.82553,0.37171,0.043023,0.0050601,0,0.0014693,0.0014693,0.0014693
258,0.036159,0.0047462,0,0.84736,0.77074,0.82677,0.36899,0.043044,0.0050468,0,0.0014486,0.0014486,0.0014486
259,0.036824,0.0046254,0,0.85579,0.76819,0.82639,0.36763,0.042849,0.0050192,0,0.0014283,0.0014283,0.0014283
260,0.0362,0.0045766,0,0.83859,0.76779,0.81724,0.34947,0.044145,0.0050874,0,0.0014084,0.0014084,0.0014084
261,0.03619,0.004557,0,0.8157,0.80089,0.83854,0.37763,0.042073,0.00503,0,0.001389,0.001389,0.001389
262,0.03607,0.0047683,0,0.82419,0.78508,0.82851,0.35983,0.043591,0.0050389,0,0.0013701,0.0013701,0.0013701
263,0.036893,0.0046652,0,0.85423,0.7584,0.8306,0.36913,0.042437,0.0050822,0,0.0013516,0.0013516,0.0013516
264,0.036128,0.0046024,0,0.84129,0.77569,0.82971,0.36504,0.043071,0.0051811,0,0.0013336,0.0013336,0.0013336
265,0.035837,0.0043993,0,0.82857,0.77668,0.82334,0.36732,0.042995,0.0050577,0,0.001316,0.001316,0.001316
266,0.035822,0.0043571,0,0.8282,0.8003,0.83422,0.3674,0.042946,0.0050116,0,0.0012989,0.0012989,0.0012989
267,0.035987,0.0045758,0,0.84138,0.78903,0.83417,0.3734,0.042645,0.0049636,0,0.0012822,0.0012822,0.0012822
268,0.036043,0.0045098,0,0.82828,0.78508,0.83069,0.37601,0.042488,0.0050079,0,0.001266,0.001266,0.001266
269,0.03602,0.0045854,0,0.82299,0.77717,0.82085,0.36545,0.043257,0.0050496,0,0.0012503,0.0012503,0.0012503
270,0.036053,0.0045462,0,0.8087,0.80623,0.83256,0.36946,0.042792,0.0049856,0,0.001235,0.001235,0.001235
271,0.036038,0.0045461,0,0.853,0.76136,0.82318,0.36781,0.043142,0.0050382,0,0.0012202,0.0012202,0.0012202
272,0.036329,0.0046811,0,0.83541,0.7747,0.82638,0.36566,0.043647,0.0049143,0,0.0012059,0.0012059,0.0012059
273,0.035448,0.0045246,0,0.82948,0.7747,0.82413,0.36586,0.043632,0.0049545,0,0.0011921,0.0011921,0.0011921
274,0.036062,0.0045969,0,0.84955,0.7784,0.83455,0.37744,0.042529,0.0049513,0,0.0011787,0.0011787,0.0011787
275,0.034703,0.0044252,0,0.8234,0.79474,0.83539,0.36886,0.042931,0.0050045,0,0.0011658,0.0011658,0.0011658
276,0.036518,0.004548,0,0.82883,0.7775,0.82894,0.37443,0.042492,0.0050171,0,0.0011533,0.0011533,0.0011533
277,0.035869,0.0044952,0,0.8446,0.768,0.83227,0.37406,0.042222,0.0050676,0,0.0011414,0.0011414,0.0011414
278,0.035588,0.0045604,0,0.82397,0.77707,0.82697,0.36859,0.042723,0.0050279,0,0.0011299,0.0011299,0.0011299
279,0.035716,0.0045963,0,0.83779,0.77318,0.82987,0.37366,0.042745,0.0050118,0,0.0011189,0.0011189,0.0011189
280,0.035758,0.0044865,0,0.85353,0.77449,0.8401,0.38161,0.042176,0.0049314,0,0.0011084,0.0011084,0.0011084
281,0.035366,0.0045154,0,0.82857,0.77569,0.83185,0.37534,0.042665,0.0049923,0,0.0010983,0.0010983,0.0010983
282,0.035357,0.004469,0,0.83098,0.78014,0.82791,0.36505,0.043105,0.0050925,0,0.0010888,0.0010888,0.0010888
283,0.035672,0.0045306,0,0.85137,0.78395,0.83979,0.38006,0.042136,0.0049605,0,0.0010797,0.0010797,0.0010797
284,0.035869,0.0045223,0,0.8257,0.79344,0.8325,0.37485,0.042696,0.004975,0,0.0010711,0.0010711,0.0010711
285,0.035943,0.004576,0,0.84254,0.7799,0.83613,0.37033,0.043065,0.004943,0,0.001063,0.001063,0.001063
286,0.035614,0.0045039,0,0.8279,0.77956,0.8295,0.37168,0.042901,0.0050133,0,0.0010554,0.0010554,0.0010554
287,0.035555,0.0046188,0,0.8282,0.77647,0.82739,0.36827,0.042808,0.0050757,0,0.0010483,0.0010483,0.0010483
288,0.03496,0.0043311,0,0.86298,0.76383,0.83817,0.37464,0.042528,0.0049937,0,0.0010416,0.0010416,0.0010416
289,0.034938,0.0046149,0,0.8285,0.78529,0.83142,0.37972,0.042132,0.0050467,0,0.0010355,0.0010355,0.0010355
290,0.035413,0.0044631,0,0.82899,0.78556,0.83341,0.3797,0.042054,0.0049772,0,0.0010298,0.0010298,0.0010298
291,0.035842,0.0044943,0,0.85341,0.76976,0.83389,0.36944,0.042459,0.0049804,0,0.0010247,0.0010247,0.0010247
292,0.035373,0.0044398,0,0.8397,0.78161,0.83612,0.37025,0.042826,0.0050408,0,0.00102,0.00102,0.00102
293,0.035383,0.0045542,0,0.83163,0.78579,0.82895,0.37062,0.042488,0.0050565,0,0.0010158,0.0010158,0.0010158
294,0.035474,0.0044778,0,0.84742,0.76283,0.82782,0.36885,0.042676,0.005046,0,0.0010121,0.0010121,0.0010121
295,0.035125,0.00438,0,0.84558,0.7668,0.8292,0.3732,0.042423,0.0050381,0,0.0010089,0.0010089,0.0010089
296,0.034938,0.0044878,0,0.84781,0.77372,0.83279,0.37212,0.042535,0.005004,0,0.0010062,0.0010062,0.0010062
297,0.034492,0.0044175,0,0.84348,0.78409,0.83662,0.37272,0.042499,0.0049712,0,0.0010039,0.0010039,0.0010039
298,0.035236,0.0044238,0,0.8338,0.79002,0.83482,0.37909,0.042456,0.0049713,0,0.0010022,0.0010022,0.0010022
299,0.03545,0.004578,0,0.84675,0.77803,0.83083,0.37394,0.042398,0.0050171,0,0.001001,0.001001,0.001001
